"employee_number","education_field"
1,Life Sciences
2,Life Sciences
5,Life Sciences
8,Life Sciences
11,Life Sciences
12,Life Sciences
15,Life Sciences
16,Life Sciences
19,Life Sciences
20,Life Sciences
21,Life Sciences
23,Life Sciences
24,Life Sciences
27,Life Sciences
28,Life Sciences
30,Life Sciences
33,Life Sciences
51,Life Sciences
52,Life Sciences
54,Life Sciences
55,Life Sciences
56,Life Sciences
61,Life Sciences
63,Life Sciences
64,Life Sciences
73,Life Sciences
74,Life Sciences
76,Life Sciences
77,Life Sciences
79,Life Sciences
81,Life Sciences
85,Life Sciences
86,Life Sciences
91,Life Sciences
94,Life Sciences
96,Life Sciences
97,Life Sciences
98,Life Sciences
104,Life Sciences
106,Life Sciences
112,Life Sciences
116,Life Sciences
117,Life Sciences
119,Life Sciences
134,Life Sciences
137,Life Sciences
139,Life Sciences
141,Life Sciences
147,Life Sciences
150,Life Sciences
151,Life Sciences
152,Life Sciences
155,Life Sciences
158,Life Sciences
159,Life Sciences
161,Life Sciences
162,Life Sciences
163,Life Sciences
175,Life Sciences
176,Life Sciences
177,Life Sciences
179,Life Sciences
182,Life Sciences
183,Life Sciences
194,Life Sciences
199,Life Sciences
200,Life Sciences
206,Life Sciences
223,Life Sciences
226,Life Sciences
227,Life Sciences
228,Life Sciences
230,Life Sciences
231,Life Sciences
240,Life Sciences
241,Life Sciences
242,Life Sciences
243,Life Sciences
245,Life Sciences
256,Life Sciences
259,Life Sciences
261,Life Sciences
267,Life Sciences
271,Life Sciences
275,Life Sciences
284,Life Sciences
287,Life Sciences
292,Life Sciences
293,Life Sciences
296,Life Sciences
298,Life Sciences
304,Life Sciences
307,Life Sciences
309,Life Sciences
316,Life Sciences
328,Life Sciences
329,Life Sciences
330,Life Sciences
331,Life Sciences
334,Life Sciences
338,Life Sciences
339,Life Sciences
341,Life Sciences
346,Life Sciences
347,Life Sciences
350,Life Sciences
353,Life Sciences
359,Life Sciences
361,Life Sciences
364,Life Sciences
369,Life Sciences
373,Life Sciences
376,Life Sciences
381,Life Sciences
384,Life Sciences
385,Life Sciences
387,Life Sciences
388,Life Sciences
391,Life Sciences
392,Life Sciences
393,Life Sciences
395,Life Sciences
396,Life Sciences
405,Life Sciences
407,Life Sciences
410,Life Sciences
419,Life Sciences
420,Life Sciences
421,Life Sciences
422,Life Sciences
425,Life Sciences
426,Life Sciences
428,Life Sciences
430,Life Sciences
434,Life Sciences
437,Life Sciences
442,Life Sciences
447,Life Sciences
448,Life Sciences
450,Life Sciences
451,Life Sciences
461,Life Sciences
465,Life Sciences
468,Life Sciences
469,Life Sciences
476,Life Sciences
483,Life Sciences
493,Life Sciences
494,Life Sciences
495,Life Sciences
496,Life Sciences
498,Life Sciences
500,Life Sciences
501,Life Sciences
505,Life Sciences
515,Life Sciences
517,Life Sciences
518,Life Sciences
520,Life Sciences
527,Life Sciences
530,Life Sciences
531,Life Sciences
532,Life Sciences
544,Life Sciences
546,Life Sciences
547,Life Sciences
548,Life Sciences
549,Life Sciences
556,Life Sciences
558,Life Sciences
560,Life Sciences
562,Life Sciences
569,Life Sciences
575,Life Sciences
577,Life Sciences
578,Life Sciences
579,Life Sciences
581,Life Sciences
586,Life Sciences
587,Life Sciences
597,Life Sciences
599,Life Sciences
601,Life Sciences
602,Life Sciences
604,Life Sciences
608,Life Sciences
613,Life Sciences
621,Life Sciences
625,Life Sciences
635,Life Sciences
638,Life Sciences
647,Life Sciences
648,Life Sciences
649,Life Sciences
657,Life Sciences
659,Life Sciences
662,Life Sciences
664,Life Sciences
665,Life Sciences
679,Life Sciences
683,Life Sciences
684,Life Sciences
686,Life Sciences
691,Life Sciences
692,Life Sciences
702,Life Sciences
704,Life Sciences
707,Life Sciences
710,Life Sciences
715,Life Sciences
720,Life Sciences
724,Life Sciences
725,Life Sciences
727,Life Sciences
729,Life Sciences
730,Life Sciences
733,Life Sciences
741,Life Sciences
742,Life Sciences
743,Life Sciences
749,Life Sciences
754,Life Sciences
769,Life Sciences
771,Life Sciences
772,Life Sciences
775,Life Sciences
785,Life Sciences
789,Life Sciences
792,Life Sciences
797,Life Sciences
802,Life Sciences
803,Life Sciences
805,Life Sciences
806,Life Sciences
808,Life Sciences
809,Life Sciences
811,Life Sciences
812,Life Sciences
813,Life Sciences
816,Life Sciences
824,Life Sciences
825,Life Sciences
826,Life Sciences
827,Life Sciences
830,Life Sciences
834,Life Sciences
836,Life Sciences
837,Life Sciences
838,Life Sciences
843,Life Sciences
857,Life Sciences
859,Life Sciences
861,Life Sciences
872,Life Sciences
874,Life Sciences
878,Life Sciences
880,Life Sciences
881,Life Sciences
882,Life Sciences
888,Life Sciences
889,Life Sciences
894,Life Sciences
895,Life Sciences
901,Life Sciences
902,Life Sciences
905,Life Sciences
909,Life Sciences
911,Life Sciences
913,Life Sciences
918,Life Sciences
920,Life Sciences
924,Life Sciences
925,Life Sciences
926,Life Sciences
927,Life Sciences
933,Life Sciences
934,Life Sciences
941,Life Sciences
942,Life Sciences
951,Life Sciences
967,Life Sciences
969,Life Sciences
970,Life Sciences
972,Life Sciences
976,Life Sciences
984,Life Sciences
985,Life Sciences
986,Life Sciences
992,Life Sciences
994,Life Sciences
995,Life Sciences
1002,Life Sciences
1003,Life Sciences
1004,Life Sciences
1005,Life Sciences
1011,Life Sciences
1012,Life Sciences
1015,Life Sciences
1019,Life Sciences
1022,Life Sciences
1024,Life Sciences
1026,Life Sciences
1027,Life Sciences
1030,Life Sciences
1032,Life Sciences
1035,Life Sciences
1036,Life Sciences
1040,Life Sciences
1042,Life Sciences
1044,Life Sciences
1045,Life Sciences
1053,Life Sciences
1055,Life Sciences
1070,Life Sciences
1079,Life Sciences
1080,Life Sciences
1081,Life Sciences
1088,Life Sciences
1094,Life Sciences
1096,Life Sciences
1099,Life Sciences
1102,Life Sciences
1103,Life Sciences
1105,Life Sciences
1114,Life Sciences
1115,Life Sciences
1117,Life Sciences
1118,Life Sciences
1120,Life Sciences
1126,Life Sciences
1127,Life Sciences
1132,Life Sciences
1133,Life Sciences
1135,Life Sciences
1136,Life Sciences
1140,Life Sciences
1143,Life Sciences
1154,Life Sciences
1158,Life Sciences
1162,Life Sciences
1163,Life Sciences
1165,Life Sciences
1167,Life Sciences
1175,Life Sciences
1182,Life Sciences
1190,Life Sciences
1193,Life Sciences
1196,Life Sciences
1198,Life Sciences
1200,Life Sciences
1202,Life Sciences
1203,Life Sciences
1206,Life Sciences
1210,Life Sciences
1211,Life Sciences
1217,Life Sciences
1218,Life Sciences
1219,Life Sciences
1221,Life Sciences
1224,Life Sciences
1235,Life Sciences
1240,Life Sciences
1244,Life Sciences
1245,Life Sciences
1246,Life Sciences
1249,Life Sciences
1250,Life Sciences
1254,Life Sciences
1255,Life Sciences
1259,Life Sciences
1260,Life Sciences
1263,Life Sciences
1264,Life Sciences
1269,Life Sciences
1270,Life Sciences
1273,Life Sciences
1275,Life Sciences
1279,Life Sciences
1282,Life Sciences
1288,Life Sciences
1289,Life Sciences
1291,Life Sciences
1294,Life Sciences
1296,Life Sciences
1308,Life Sciences
1309,Life Sciences
1314,Life Sciences
1315,Life Sciences
1317,Life Sciences
1319,Life Sciences
1322,Life Sciences
1324,Life Sciences
1331,Life Sciences
1333,Life Sciences
1334,Life Sciences
1338,Life Sciences
1340,Life Sciences
1344,Life Sciences
1346,Life Sciences
1350,Life Sciences
1352,Life Sciences
1355,Life Sciences
1361,Life Sciences
1363,Life Sciences
1368,Life Sciences
1371,Life Sciences
1373,Life Sciences
1379,Life Sciences
1382,Life Sciences
1387,Life Sciences
1390,Life Sciences
1392,Life Sciences
1394,Life Sciences
1395,Life Sciences
1397,Life Sciences
1399,Life Sciences
1405,Life Sciences
1412,Life Sciences
1420,Life Sciences
1427,Life Sciences
1430,Life Sciences
1433,Life Sciences
1434,Life Sciences
1435,Life Sciences
1439,Life Sciences
1441,Life Sciences
1447,Life Sciences
1453,Life Sciences
1458,Life Sciences
1459,Life Sciences
1464,Life Sciences
1471,Life Sciences
1475,Life Sciences
1479,Life Sciences
1483,Life Sciences
1484,Life Sciences
1492,Life Sciences
1495,Life Sciences
1497,Life Sciences
1499,Life Sciences
1501,Life Sciences
1506,Life Sciences
1507,Life Sciences
1513,Life Sciences
1514,Life Sciences
1515,Life Sciences
1523,Life Sciences
1525,Life Sciences
1527,Life Sciences
1529,Life Sciences
1533,Life Sciences
1534,Life Sciences
1537,Life Sciences
1545,Life Sciences
1547,Life Sciences
1549,Life Sciences
1552,Life Sciences
1554,Life Sciences
1555,Life Sciences
1556,Life Sciences
1557,Life Sciences
1558,Life Sciences
1560,Life Sciences
1562,Life Sciences
1569,Life Sciences
1580,Life Sciences
1581,Life Sciences
1582,Life Sciences
1583,Life Sciences
1585,Life Sciences
1590,Life Sciences
1594,Life Sciences
1596,Life Sciences
1598,Life Sciences
1601,Life Sciences
1602,Life Sciences
1614,Life Sciences
1615,Life Sciences
1617,Life Sciences
1621,Life Sciences
1625,Life Sciences
1628,Life Sciences
1630,Life Sciences
1631,Life Sciences
1641,Life Sciences
1649,Life Sciences
1651,Life Sciences
1653,Life Sciences
1656,Life Sciences
1658,Life Sciences
1659,Life Sciences
1661,Life Sciences
1664,Life Sciences
1666,Life Sciences
1668,Life Sciences
1673,Life Sciences
1676,Life Sciences
1677,Life Sciences
1678,Life Sciences
1680,Life Sciences
1681,Life Sciences
1682,Life Sciences
1683,Life Sciences
1692,Life Sciences
1701,Life Sciences
1702,Life Sciences
1703,Life Sciences
1710,Life Sciences
1712,Life Sciences
1716,Life Sciences
1720,Life Sciences
1721,Life Sciences
1724,Life Sciences
1727,Life Sciences
1728,Life Sciences
1729,Life Sciences
1732,Life Sciences
1734,Life Sciences
1737,Life Sciences
1739,Life Sciences
1744,Life Sciences
1753,Life Sciences
1758,Life Sciences
1763,Life Sciences
1772,Life Sciences
1774,Life Sciences
1778,Life Sciences
1779,Life Sciences
1790,Life Sciences
1797,Life Sciences
1798,Life Sciences
1799,Life Sciences
1801,Life Sciences
1802,Life Sciences
1807,Life Sciences
1812,Life Sciences
1813,Life Sciences
1814,Life Sciences
1822,Life Sciences
1827,Life Sciences
1829,Life Sciences
1837,Life Sciences
1845,Life Sciences
1849,Life Sciences
1850,Life Sciences
1856,Life Sciences
1857,Life Sciences
1858,Life Sciences
1859,Life Sciences
1860,Life Sciences
1867,Life Sciences
1868,Life Sciences
1869,Life Sciences
1870,Life Sciences
1878,Life Sciences
1881,Life Sciences
1882,Life Sciences
1883,Life Sciences
1888,Life Sciences
1892,Life Sciences
1893,Life Sciences
1903,Life Sciences
1907,Life Sciences
1927,Life Sciences
1929,Life Sciences
1938,Life Sciences
1939,Life Sciences
1940,Life Sciences
1941,Life Sciences
1949,Life Sciences
1954,Life Sciences
1956,Life Sciences
1961,Life Sciences
1962,Life Sciences
1966,Life Sciences
1968,Life Sciences
1969,Life Sciences
1970,Life Sciences
1971,Life Sciences
1976,Life Sciences
1981,Life Sciences
1995,Life Sciences
1996,Life Sciences
1997,Life Sciences
1998,Life Sciences
1999,Life Sciences
2007,Life Sciences
2010,Life Sciences
2012,Life Sciences
2014,Life Sciences
2017,Life Sciences
2019,Life Sciences
2022,Life Sciences
2025,Life Sciences
2026,Life Sciences
2031,Life Sciences
2034,Life Sciences
2037,Life Sciences
2040,Life Sciences
2041,Life Sciences
2044,Life Sciences
2046,Life Sciences
2048,Life Sciences
2049,Life Sciences
2052,Life Sciences
2064,Life Sciences
